Team Name,Participant Name,Participant Email,Participant Phone Number,Participant Type
Quasi,Farhan Ramesh,farhanramesh@example.com,9378726098,team leader
Quod facilis,Emir Sankaran,emirsankaran@example.com,7142657970,team leader
Culque deserunt,Aaryahi Sule,aaryahisule@example.com,5396756934,team leader
Nesciunt,Riaan Dave,riaandave@example.com,8530403071,team leader
Architecto neque,Prerak Sant,preraksant@example.com,6732270572,team leader
Aspernatur harum,Samar Mandal,samarmandal@example.com,3558241866,team leader
Sapiente eius,Riaan Sani,riaansani@example.com,4307050694,team leader
Modi,Aaina Doctor,aainadoctor@example.com,4333637794,team leader
Eveniet ipsa,Uthkarsh Chhabra,uthkarshchhabra@example.com,2706700399,team leader
Quo,Amira Desai,amiradesai@example.com,354371597,team leader
Iure,Zara Cherian,zaracherian@example.com,5449369251,team leader
Saepe perferendis,Kanav Chacko,kanavchacko@example.com,674571534,team leader
Ullam temporibus,Kiaan Sodhi,kiaansodhi@example.com,2340102766,team leader
Aliquid,Advika Singh,advikasingh@example.com,8196499626,team leader
Nesciunt alias,Aarna Kata,aarnakata@example.com,7887641418,team leader
Nihil a,Ivana Chandra,ivanachandra@example.com,4029365757,team leader
Inventore illo,Riya Dayal,riyadayal@example.com,8428318379,team leader
Ipsa,Kabir Buch,kabirbuch@example.com,4600534849,team leader
Recusandae fuga,Miraya Rajan,mirayarajan@example.com,381717236,team leader
Autem blanditiis,Jiya Srivastava,jiyasrivastava@example.com,2139726853,team leader
Aspernatur consectetur,Lavanya Hayre,lavanyahayre@example.com,1508404903,team leader
Ullam,Siya Shukla,siyashukla@example.com,3283538997,team leader
Incidunt,Mishti Mall,mishtimall@example.com,3470163634,team leader
Mollitia,Vivaan Sinha,vivaansinha@example.com,6813668180,team leader
Quo et,Uthkarsh Swaminathan,uthkarshswaminathan@example.com,895524744,team leader
Eum corrupti,Yuvraj  Mahal,yuvrajmahal@example.com,4538934671,team leader
Eaque eligendi,Neelofar D’Alia,neelofardalia@example.com,7150559050,team leader
Enim sequi,Kartik Khatri,kartikkhatri@example.com,6765567574,team leader
Hic minima,Neelofar Shan,neelofarshan@example.com,6875628284,team leader
Nesciunt doloribus,Siya Sandal,siyasandal@example.com,1720337951,team leader
Dolorum,Jivika Barad,jivikabarad@example.com,5043802453,team leader
Quibusdam perferendis,Ishita Tandon,ishitatandon@example.com,9448803839,team leader
Vel mollitia,Misha Borde,mishaborde@example.com,1777301293,team leader
Non,Ivan Butala,ivanbutala@example.com,20086671,team leader
Fuga inventore,Oorja Vasa,oorjavasa@example.com,6874221424,team leader
Soluta pariatur,Inaaya  Bail,inaayabail@example.com,1091292963,team leader
Laboriosam laboriosam,Shray Subramaniam,shraysubramaniam@example.com,1991157894,team leader
Id,Amira Deo,amiradeo@example.com,4122039484,team leader
Laboriosam,Shamik Manda,shamikmanda@example.com,6265823534,team leader
Volestias,Ela Ghose,elaghose@example.com,602419024,team leader
Ipsum ab,Indranil Kumer,indranilkumer@example.com,333558103,team leader
Qui nostrum,Zara Sura,zarasura@example.com,9602993648,team leader
Itaque illo,Biju Dutta,bijudutta@example.com,6764043378,team leader
Id necessitatibus,Myra Soman,myrasoman@example.com,764975337,team leader
Iure unde,Darshit Kota,darshitkota@example.com,3331408017,team leader
Occaecati dolores,Anvi Jhaveri,anvijhaveri@example.com,2358125736,team leader
Quod,Hansh Ben,hanshben@example.com,8502694149,team leader
Consequatur,Alia Bandi,aliabandi@example.com,1066507907,team leader
Labore soluta,Devansh Yohannan,devanshyohannan@example.com,599620618,team leader
Laboriosam aspernatur,Indrajit Dada,indrajitdada@example.com,3613209580,team leader
Nulla,Purab Divan,purabdivan@example.com,7720318939,team leader
Nisi minima,Riya Koshy,riyakoshy@example.com,1197134221,team leader
Ad a,Riaan Bala,riaanbala@example.com,4935175496,team leader
Corporis,Umang Ramaswamy,umangramaswamy@example.com,7254844198,team leader
Animi,Ela Warrior,elawarrior@example.com,7550287369,team leader
Similique,Adah Mangal,adahmangal@example.com,7261056546,team leader
Cupiditate distinctio,Rasha Aggarwal,rashaaggarwal@example.com,3955266262,team leader
Error ad,Diya Dada,diyadada@example.com,1735351614,team leader
Minus quasi,Suhana Talwar,suhanatalwar@example.com,7498170808,team leader
Volestiae,Diya Sibal,diyasibal@example.com,7419836132,team leader
Possimus exercitationem,Tara Sinha,tarasinha@example.com,4236294009,team leader
Blanditiis eligendi,Ahana  Mahajan,ahanamahajan@example.com,6530970730,team leader
Et,Nakul Swaminathan,nakulswaminathan@example.com,2825376360,team leader
Placeat eaque,Kaira Karpe,kairakarpe@example.com,2883974944,team leader
Saepe praesentium,Tanya Das,tanyadas@example.com,3633313752,team leader
Veniam a,Vardaniya Upadhyay,vardaniyaupadhyay@example.com,368310383,team leader
Libero soluta,Umang De,umangde@example.com,2632201661,team leader
Odio praesentium,Ehsaan Rau,ehsaanrau@example.com,5247036335,team leader
Incidunt libero,Tejas Upadhyay,tejasupadhyay@example.com,6372451250,team leader
Volestias qui,Jayan Balakrishnan,jayanbalakrishnan@example.com,946098500,team leader
Adipisci eos,Nakul Som,nakulsom@example.com,3720111394,team leader
Et libero,Amira Gade,amiragade@example.com,3221779533,team leader
Voluptatem,Zara Warrior,zarawarrior@example.com,7964677891,team leader
Provident adipisci,Kanav Tailor,kanavtailor@example.com,4878116808,team leader
Beatae,Saira Tara,sairatara@example.com,4990115864,team leader
Eligendi enim,Tushar Krish,tusharkrish@example.com,4793975094,team leader
Voluptate explicabo,Aarush Rana,aarushrana@example.com,9175168327,team leader
Voluptas soluta,Ehsaan Andra,ehsaanandra@example.com,976709890,team leader
Maxime impedit,Mannat D’Alia,mannatdalia@example.com,5575483692,team leader
Pariatur explicabo,Aniruddh Toor,aniruddhtoor@example.com,5632252563,team leader
Culque facere,Nitya Koshy,nityakoshy@example.com,1171986717,team leader
Recusandae harum,Lakshit Gill,lakshitgill@example.com,4930511529,team leader
Volestias unde,Advika Majumdar,advikamajumdar@example.com,3541659987,team leader
Eaque molestiae,Ahana  Kalita,ahanakalita@example.com,2896483698,team leader
Laboriosam laborum,Bhamini Loke,bhaminiloke@example.com,9208256908,team leader
Quaerat dolores,Tushar Bava,tusharbava@example.com,1174938675,team leader
Laborum,Diya Singh,diyasingh@example.com,5622964592,team leader
Rerum,Abram Sahota,abramsahota@example.com,9478333106,team leader
Distinctio necessitatibus,Gokul Master,gokulmaster@example.com,949544467,team leader
Mollitia incidunt,Kaira Thaman,kairathaman@example.com,6061925721,team leader
Omnis doloremque,Aaryahi Bhargava,aaryahibhargava@example.com,1568575722,team leader
Consequuntur corporis,Saira Sharma,sairasharma@example.com,8518779124,team leader
Facere,Hansh Bali,hanshbali@example.com,722214485,team leader
Laborum voluptatum,Pranay Bail,pranaybail@example.com,2089623100,team leader
Repudiandae perferendis,Drishya Sabharwal,drishyasabharwal@example.com,2595108434,team leader
In eveniet,Tushar Ganguly,tusharganguly@example.com,4953441391,team leader
Fugit quam,Ayesha Sood,ayeshasood@example.com,3027610142,team leader
Vitae iusto,Sumer Mann,sumermann@example.com,7909575248,team leader
Reprehenderit necessitatibus,Baiju Chaudhuri,baijuchaudhuri@example.com,2095962885,team leader
Incidunt alias,Ritvik Dalal,ritvikdalal@example.com,8926593501,team leader
Adipisci accusamus,Anya Gola,anyagola@example.com,9077133972,team leader
Architecto,Yuvraj  Handa,yuvrajhanda@example.com,5749868321,team leader
Illum aliquam,Aarush Arora,aarusharora@example.com,5374205510,team leader
Laudantium a,Dishani Bakshi,dishanibakshi@example.com,4301911647,team leader
Aut minima,Hunar Kothari,hunarkothari@example.com,7606541224,team leader
Culpa eveniet,Sara Bhat,sarabhat@example.com,1778474883,team leader
Ipsa numquam,Lakshit Kala,lakshitkala@example.com,4410940172,team leader
Illum necessitatibus,Hrishita Jani,hrishitajani@example.com,836705358,team leader
Laboriosam accusantium,Manjari Sur,manjarisur@example.com,309828699,team leader
Exercitationem,Tanya Apte,tanyaapte@example.com,2042445120,team leader
Error,Indranil Shroff,indranilshroff@example.com,6258093746,team leader
Amet doloribus,Yuvaan Sundaram,yuvaansundaram@example.com,6430691289,team leader
Eum voluptate,Anaya Karpe,anayakarpe@example.com,9770233127,team leader
Maxime,Keya Chanda,keyachanda@example.com,3827983751,team leader
Ea mollitia,Ahana  Venkatesh,ahanavenkatesh@example.com,5384753072,team leader
Minima nostrum,Mishti Gola,mishtigola@example.com,5372173703,team leader
Aut,Suhana Brahmbhatt,suhanabrahmbhatt@example.com,3486613428,team leader
Esse tenetur,Priyansh Bail,priyanshbail@example.com,114642090,team leader
Quis quaerat,Ranbir Dhawan,ranbirdhawan@example.com,9705686670,team leader
Ea,Vaibhav Gara,vaibhavgara@example.com,3484475187,team leader
Quasi sit,Rati Cheema,raticheema@example.com,9853121398,team leader
Inventore aut,Fateh Date,fatehdate@example.com,9539537921,team leader
Temporibus,Shray Jaggi,shrayjaggi@example.com,8786952043,team leader
Ab quasi,Ritvik Kaur,ritvikkaur@example.com,3940885478,team leader
A natus,Samiha Amble,samihaamble@example.com,8066106332,team leader
Ad eum,Trisha Keer,trishakeer@example.com,9717954864,team leader
Necessitatibus omnis,Prerak Sachdeva,preraksachdeva@example.com,1946988095,team leader
Deserunt,Indrajit Desai,indrajitdesai@example.com,5719983932,team leader
Minus mollitia,Elakshi Karpe,elakshikarpe@example.com,5573995171,team leader
Voluptatibus,Kabir Chada,kabirchada@example.com,873216500,team leader
Magnam id,Ishaan Iyengar,ishaaniyengar@example.com,7629600419,team leader
Facilis facilis,Mahika Kadakia,mahikakadakia@example.com,7889878038,team leader
Quis,Ela Chaudry,elachaudry@example.com,2599283146,team leader
Tempora quod,Tushar Chaudhari,tusharchaudhari@example.com,3123788242,team leader
Consequuntur incidunt,Nehmat Sawhney,nehmatsawhney@example.com,7474056852,team leader
Quisquam,Jhanvi Choudhury,jhanvichoudhury@example.com,2453845926,team leader
Dolores dolores,Emir Vyas,emirvyas@example.com,6324050813,team leader
Atque,Akarsh Din,akarshdin@example.com,6904501084,team leader
Ab eius,Aaryahi Gara,aaryahigara@example.com,9207423064,team leader
Harum corrupti,Anaya Ratti,anayaratti@example.com,9080297730,team leader
Repudiandae,Tarini Karan,tarinikaran@example.com,6449838116,team leader
Quae delectus,Yakshit Sarna,yakshitsarna@example.com,9626300878,team leader
Unde,Ivana Dhillon,ivanadhillon@example.com,8235233523,team leader
Sint consectetur,Anahita Shetty,anahitashetty@example.com,8892115993,team leader
Ipsam enim,Indranil Bhasin,indranilbhasin@example.com,3093665172,team leader
Tempore,Keya Rattan,keyarattan@example.com,5127852121,team leader
Nihil,Neelofar Bhavsar,neelofarbhavsar@example.com,6292098712,team leader
Laboriosam vel,Divyansh Tiwari,divyanshtiwari@example.com,4371152331,team leader
Officiis quaerat,Shaan Subramaniam,shaansubramaniam@example.com,2860305971,team leader
Rerum repudiandae,Tushar Chaudhari,tusharchaudhari@example.com,2752979965,team leader
Numquam,Urvi Apte,urviapte@example.com,7323415510,team leader
Occaecati rerum,Farhan Varma,farhanvarma@example.com,3430854416,team leader
Fugit,Anay D’Alia,anaydalia@example.com,215064612,team leader
Dolorum beatae,Lagan Doctor,lagandoctor@example.com,6790467347,team leader
Mollitia officia,Saanvi Balan,saanvibalan@example.com,4400580475,team leader
Facilis,Tanya Rout,tanyarout@example.com,4133189216,team leader
Iure dolore,Keya Chaudhari,keyachaudhari@example.com,5874814825,team leader
Voluptatem illum,Neelofar Dugar,neelofardugar@example.com,9058597207,team leader
Impedit nobis,Divyansh Venkataraman,divyanshvenkataraman@example.com,2619396215,team leader
Quia,Anahi Ahuja,anahiahuja@example.com,5839334973,team leader
Sed,Dhanush Sethi,dhanushsethi@example.com,8173423765,team leader
Porro earum,Anika Dani,anikadani@example.com,8389476791,team leader
Quam,Drishya Ram,drishyaram@example.com,6772011569,team leader
Ea illum,Tara Ramachandran,tararamachandran@example.com,5194068516,team leader
Aliquam,Zain Karan,zainkaran@example.com,94401773,team leader
Dolores eum,Shayak Baria,shayakbaria@example.com,5707628016,team leader
Maxime laboriosam,Charvi Bhatti,charvibhatti@example.com,9714008896,team leader
Quia eaque,Tiya Krishnamurthy,tiyakrishnamurthy@example.com,8421266071,team leader
Ab eius,Krish Madan,krishmadan@example.com,4823927726,team member
Ab eius,Shlok Varughese,shlokvarughese@example.com,2196306734,team member
Illo impedit,Ahana  Gokhale,ahanagokhale@example.com,5318661231,team leader
Ex sapiente,Anahi Varghese,anahivarghese@example.com,2336154745,team leader
Labore aliquid,Eshani Kunda,eshanikunda@example.com,8716251234,team leader
Cupiditate accusamus,Ivana Baria,ivanabaria@example.com,7951352026,team leader
Distinctio fugit,Zeeshan Shetty,zeeshanshetty@example.com,9450753210,team leader
Repellendus at,Ira Baral,irabaral@example.com,6378372357,team leader
Repellendus at,Reyansh Grewal,reyanshgrewal@example.com,3527441263,team member
Aperiam eaque,Shalv Chakraborty,shalvchakraborty@example.com,6839250990,team leader
Velit quae,Tanya Chawla,tanyachawla@example.com,5756579507,team leader
Totam quos,Arnav Saraf,arnavsaraf@example.com,8294195498,team leader
Doloremque voluptas,Ayesha Barman,ayeshabarman@example.com,5976726424,team leader
Consequuntur corporis,Amira Sidhu,amirasidhu@example.com,7097859778,team member
Vero nobis,Kiara Tata,kiaratata@example.com,2706296979,team leader
Ea possimus,Mohanlal Bhandari,mohanlalbhandari@example.com,5415737328,team leader
Provident sint,Tarini Comar,tarinicomar@example.com,346861169,team leader
Rem adipisci,Urvi Ben,urviben@example.com,6364759102,team leader
Doloremque nostrum,Shayak Chanda,shayakchanda@example.com,3059126052,team leader
Soluta iusto,Anay Anne,anayanne@example.com,3870317061,team leader
Numquam dolor,Prerak Salvi,preraksalvi@example.com,9945147871,team leader
Quidem,Ryan Gera,ryangera@example.com,4729572722,team leader
Possimus aliquam,Fateh Tandon,fatehtandon@example.com,689379580,team leader
Doloribus,Krish Bose,krishbose@example.com,2949001007,team member
Doloribus,Tanya Trivedi,tanyatrivedi@example.com,3559235557,team member
Doloribus,Sahil Subramaniam,sahilsubramaniam@example.com,6396796032,team leader
Impedit aliquam,Dhanuk Hayer,dhanukhayer@example.com,1974186460,team leader
Maxime quos,Aniruddh Chander,aniruddhchander@example.com,7924270076,team leader
Maxime quos,Yuvraj  Bali,yuvrajbali@example.com,807677717,team member
Maxime quos,Lavanya Kanda,lavanyakanda@example.com,5532138176,team member
Nam deleniti,Hazel Mane,hazelmane@example.com,9865906390,team leader
Voluptates error,Anya Mane,anyamane@example.com,3649241486,team leader
Autem,Pranay Yogi,pranayyogi@example.com,4611162072,team leader
Exercitationem accusamus,Ira Borde,iraborde@example.com,8879823635,team leader
Dignissimos amet,Arhaan Tandon,arhaantandon@example.com,65557455,team leader
Dignissimos amet,Arhaan Bose,arhaanbose@example.com,4507988808,team member
Nesciunt necessitatibus,Samarth Sibal,samarthsibal@example.com,1244251576,team leader
Quaerat quos,Ritvik Walia,ritvikwalia@example.com,7233372529,team leader
Ducimus fugit,Jayant Shan,jayantshan@example.com,5274595604,team leader
Culpa eos,Vedika Swamy,vedikaswamy@example.com,5272516645,team leader
Distinctio asperiores,Raghav Raju,raghavraju@example.com,1966210587,team leader
Cul dignissimos,Rhea Reddy,rheareddy@example.com,111625776,team leader
Dicta,Zoya Swaminathan,zoyaswaminathan@example.com,7418534301,team leader
Possimus enim,Kimaya Hayer,kimayahayer@example.com,7675223620,team leader
Iure vitae,Dhruv Lad,dhruvlad@example.com,9186563057,team leader
Quibusdam illum,Ishaan Toor,ishaantoor@example.com,7870667173,team leader
Saepe esse,Rati Subramanian,ratisubramanian@example.com,4181398738,team leader
Ut,Elakshi Grewal,elakshigrewal@example.com,7011441469,team leader
Itaque quidem,Emir Grover,emirgrover@example.com,4227056161,team leader
Ratione sint,Jhanvi Joshi,jhanvijoshi@example.com,9904006736,team leader
Amet incidunt,Ritvik Amble,ritvikamble@example.com,9963146026,team member
Amet incidunt,Vidur Mandal,vidurmandal@example.com,5713506290,team leader
Amet incidunt,Ishaan Mani,ishaanmani@example.com,3100323094,team member
Eaque similique,Heer Lanka,heerlanka@example.com,85011221,team leader
Unde porro,Mehul Venkataraman,mehulvenkataraman@example.com,3854164357,team member
Unde porro,Bhavin Chaudhari,bhavinchaudhari@example.com,7326016811,team member
Unde porro,Divit Majumdar,divitmajumdar@example.com,3558432334,team leader
Error perspiciatis,Seher Wali,seherwali@example.com,9120827482,team leader
Inventore,Alisha Walia,alishawalia@example.com,3749003492,team leader
Inventore,Madhav Ratta,madhavratta@example.com,8238157337,team member
Mollitia unde,Purab Tailor,purabtailor@example.com,4331718106,team leader
Mollitia unde,Vedika Sha,vedikasha@example.com,6880598698,team member
Fuga voluptas,Anahita Ramachandran,anahitaramachandran@example.com,2412274229,team leader
Quidem dolore,Yuvraj  Apte,yuvrajapte@example.com,7150285555,team leader
Veniam distinctio,Vedika Borde,vedikaborde@example.com,5131535796,team leader
Perferendis quia,Misha Majumdar,mishamajumdar@example.com,632445985,team leader
Volestias ad,Indrajit Sridhar,indrajitsridhar@example.com,1632816343,team leader
A culque,Zara Grewal,zaragrewal@example.com,1163093259,team leader
Aspernatur eaque,Stuvan Solanki,stuvansolanki@example.com,4340497264,team member
Aspernatur eaque,Zeeshan Dalal,zeeshandalal@example.com,5618613191,team leader
Aspernatur eaque,Kabir Bakshi,kabirbakshi@example.com,4724113859,team member
Nam earum,Ayesha Mahal,ayeshamahal@example.com,1307895716,team leader
Quis voluptate,Kashvi Kala,kashvikala@example.com,7650015512,team leader
Sint eveniet,Biju Dada,bijudada@example.com,3206760019,team leader
Ullam quaerat,Ishaan Sidhu,ishaansidhu@example.com,1020496734,team leader
Unde voluptates,Pari Lall,parilall@example.com,2582322709,team leader
Est unde,Ranbir Tata,ranbirtata@example.com,7819401491,team leader
Aliquid maiores,Krish Ganesh,krishganesh@example.com,5241954524,team leader
Illo culpa,Divij Dalal,divijdalal@example.com,8057582205,team leader
Quibusdam quibusdam,Krish Master,krishmaster@example.com,5336803329,team leader
Magnam aut,Sahil Rama,sahilrama@example.com,4742940547,team leader
Dicta quaerat,Zoya Bassi,zoyabassi@example.com,3188983610,team leader
Quae exercitationem,Jayant Dhillon,jayantdhillon@example.com,7976527791,team leader
Sint earum,Shray Dhillon,shraydhillon@example.com,2660588338,team leader
Recusandae eaque,Sara Chaudhary,sarachaudhary@example.com,9264505465,team leader
Fugiat dignissimos,Rhea Srinivas,rheasrinivas@example.com,878999037,team leader
Iure eum,Divyansh Deo,divyanshdeo@example.com,4378398784,team leader
Sapiente eveniet,Jayesh Jani,jayeshjani@example.com,7509276360,team leader
Sunt perferendis,Ishita Mani,ishitamani@example.com,5305823821,team leader
Reiciendis hic,Gokul Bhalla,gokulbhalla@example.com,4245666816,team leader
Eligendi,Mannat Ratta,mannatratta@example.com,8223359188,team leader
Ducimus inventore,Zaina Rout,zainarout@example.com,3343807270,team leader
Quia laboriosam,Urvi Dayal,urvidayal@example.com,3517465084,team leader
Sequi perferendis,Seher Rajan,seherrajan@example.com,6156709871,team leader
Minus quos,Indrajit Madan,indrajitmadan@example.com,1121200558,team leader
Neque tenetur,Mishti Tandon,mishtitandon@example.com,8017009016,team leader
Iste quisquam,Saira Wali,sairawali@example.com,7963801451,team leader
Doloremque ut,Bhavin Bala,bhavinbala@example.com,5921133674,team leader
Hic nulla,Nirvi Goswami,nirvigoswami@example.com,908778388,team leader
